892196723	2026-08-29T17:27:29.1716249220Z	/work/aupai/ckpt_0830v1_0.2b.pt.ep1
892196723	2026-08-29T17:20:03.0788687260Z	/work/aupai/ckpt_0830v1_0.3b.pt.ep1
892196723	2026-08-29T17:40:26.3807987910Z	/work/aupai/ckpt_0830v1_0.4b.pt.ep1
892196723	2026-08-29T18:04:58.5991585980Z	/work/aupai/ckpt_0830v1_0.8b.pt.ep1
892196723	2026-08-29T19:14:38.7041035410Z	/work/aupai/ckpt_0830v1_1.6b.pt.ep1
959426941	2026-08-29T18:53:41.6559063300Z	/work/aupai/ckpt_0830v1_1.6b.pt.step1000
892197303	2026-08-29T20:47:58.4180415800Z	/work/aupai/ckpt_0830v1_3.24b.pt.ep1
959427522	2026-08-29T19:45:36.4717737180Z	/work/aupai/ckpt_0830v1_3.24b.pt.step1000
959427522	2026-08-29T20:15:52.9678958610Z	/work/aupai/ckpt_0830v1_3.24b.pt.step2000
959427522	2026-08-29T20:46:09.3979562870Z	/work/aupai/ckpt_0830v1_3.24b.pt.step3000
959428748	2026-08-29T21:24:03.8589154140Z	/work/aupai/ckpt_0830v1_repeat4.pt.step1000
959428748	2026-08-29T21:54:19.2023076110Z	/work/aupai/ckpt_0830v1_repeat4.pt.step2000
1784216835	2026-09-03T10:09:54.8560089680Z	/work/aupai/ckpt_ab_fp32logits_base.pt
1784218575	2026-09-03T10:09:50.3378390640Z	/work/aupai/ckpt_ab_fp32logits_base.pt.ep1
1918688800	2026-09-03T10:08:56.2758060870Z	/work/aupai/ckpt_ab_fp32logits_base.pt.step500
1784220315	2026-09-03T10:34:49.1281045740Z	/work/aupai/ckpt_ab_fp32logits_fp32logits.pt
1784222055	2026-09-03T10:34:45.2009573250Z	/work/aupai/ckpt_ab_fp32logits_fp32logits.pt.ep1
1918692286	2026-09-03T10:33:26.6330114010Z	/work/aupai/ckpt_ab_fp32logits_fp32logits.pt.step500
412201647	2026-08-26T12:05:33.6842426350Z	/work/aupai/ckpt_ablation_base.pt.ep1
824578450	2026-09-02T18:19:19.1866712700Z	/work/aupai/ckpt_ab_shapelr_base.pt
1784216707	2026-09-02T18:19:15.7545424870Z	/work/aupai/ckpt_ab_shapelr_base.pt.ep1
1918686929	2026-09-02T18:18:24.5986229740Z	/work/aupai/ckpt_ab_shapelr_base.pt.step500
824579057	2026-09-02T18:46:23.1955943110Z	/work/aupai/ckpt_ab_shapelr_shapelr.pt
1784218447	2026-09-02T18:46:19.8764698270Z	/work/aupai/ckpt_ab_shapelr_shapelr.pt.ep1
1918688672	2026-09-02T18:45:28.5935464570Z	/work/aupai/ckpt_ab_shapelr_shapelr.pt.step500
2187664147	2026-09-02T22:53:16.1499683170Z	/work/aupai/ckpt_ab_untieheadlr_untieheadlr.pt.ep1
2187654227	2026-09-02T22:52:23.4109964180Z	/work/aupai/ckpt_ab_untieheadlr_untieheadlr.pt.step500
2187661555	2026-09-02T22:29:38.4879549530Z	/work/aupai/ckpt_ab_untiehead_untiehead.pt.ep1
2187651699	2026-09-02T22:28:46.4050070240Z	/work/aupai/ckpt_ab_untiehead_untiehead.pt.step500
959222331	2026-09-02T19:40:28.1793079930Z	/work/aupai/ckpt_ab_valueembed_valueembed.pt
2053519923	2026-09-02T19:40:24.4921697010Z	/work/aupai/ckpt_ab_valueembed_valueembed.pt.ep1
2187989834	2026-09-02T19:39:29.6961144970Z	/work/aupai/ckpt_ab_valueembed_valueembed.pt.step500
824577545	2026-09-02T17:26:43.8843624530Z	/work/aupai/ckpt_ab_zi_base.pt
1784213679	2026-09-02T17:26:39.7362070910Z	/work/aupai/ckpt_ab_zi_base.pt.ep1
1918683896	2026-09-02T17:25:17.5351283830Z	/work/aupai/ckpt_ab_zi_base.pt.step500
824578269	2026-09-02T17:49:56.0515207880Z	/work/aupai/ckpt_ab_zi_zeroinit.pt
1784216127	2026-09-02T17:49:53.1004101650Z	/work/aupai/ckpt_ab_zi_zeroinit.pt.ep1
1918686284	2026-09-02T17:49:01.2994683940Z	/work/aupai/ckpt_ab_zi_zeroinit.pt.step500
540020839	2026-09-04T00:01:34.2069232380Z	/work/aupai/ckpt_b0_n8_fixed.milestone_keep_b0_arm.pt
540020839	2026-09-04T00:01:34.2069232380Z	/work/aupai/ckpt_b0_n8_fixed.pt
540022579	2026-09-04T00:01:31.3228149000Z	/work/aupai/ckpt_b0_n8_fixed.pt.ep1
590442813	2026-09-03T23:07:44.0836736050Z	/work/aupai/ckpt_b0_n8_fixed.pt.step1000
590442813	2026-09-03T23:26:43.7544351930Z	/work/aupai/ckpt_b0_n8_fixed.pt.step2000
590442813	2026-09-03T23:45:42.7572061150Z	/work/aupai/ckpt_b0_n8_fixed.pt.step3000
540024899	2026-09-04T00:01:02.2187216400Z	/work/aupai/ckpt_b0_sd_equalcompute.milestone_keep_b0_arm.pt
540024899	2026-09-04T00:01:02.2187216400Z	/work/aupai/ckpt_b0_sd_equalcompute.pt
540026639	2026-09-04T00:00:58.6705883590Z	/work/aupai/ckpt_b0_sd_equalcompute.pt.ep1
590446944	2026-09-03T23:07:13.2925199690Z	/work/aupai/ckpt_b0_sd_equalcompute.pt.step2000
590446944	2026-09-03T23:26:08.3421053090Z	/work/aupai/ckpt_b0_sd_equalcompute.pt.step3000
590446944	2026-09-03T23:45:04.0467530720Z	/work/aupai/ckpt_b0_sd_equalcompute.pt.step4000
540021419	2026-09-03T21:55:03.8398418510Z	/work/aupai/ckpt_b0_sd_looped.milestone_keep_b0_stagedarm.pt
540021419	2026-09-03T21:55:03.8398418510Z	/work/aupai/ckpt_b0_sd_looped.pt
540023159	2026-09-03T21:55:00.3257096280Z	/work/aupai/ckpt_b0_sd_looped.pt.ep1
590443394	2026-09-03T21:40:58.7401089450Z	/work/aupai/ckpt_b0_sd_looped.pt.step3250
590443394	2026-09-03T21:46:58.8146227740Z	/work/aupai/ckpt_b0_sd_looped.pt.step3500
590443394	2026-09-03T21:53:03.7483232690Z	/work/aupai/ckpt_b0_sd_looped.pt.step3750
540020839	2026-09-03T20:12:37.5250627310Z	/work/aupai/ckpt_b0_sd_smoke.pt
540022579	2026-09-03T20:12:34.7229574500Z	/work/aupai/ckpt_b0_sd_smoke.pt.ep1
590442813	2026-09-03T20:11:47.5861864270Z	/work/aupai/ckpt_b0_sd_smoke.pt.step4
540022515	2026-09-03T21:36:17.9595710680Z	/work/aupai/ckpt_b0_sd_unlooped.milestone_keep_b0_stagedarm.pt
540022515	2026-09-03T21:36:17.9595710680Z	/work/aupai/ckpt_b0_sd_unlooped.pt
540024319	2026-09-03T21:36:15.0964636140Z	/work/aupai/ckpt_b0_sd_unlooped.pt.ep1
590444620	2026-09-03T21:25:08.2324360390Z	/work/aupai/ckpt_b0_sd_unlooped.pt.step3250
590444620	2026-09-03T21:29:52.6091087530Z	/work/aupai/ckpt_b0_sd_unlooped.pt.step3500
590444620	2026-09-03T21:34:41.3269443920Z	/work/aupai/ckpt_b0_sd_unlooped.pt.step3750
720012733	2026-09-04T03:01:45.6993308290Z	/work/aupai/ckpt_b0_se_16lnew_1b.pt.step1000
720012733	2026-09-04T03:27:06.8947617810Z	/work/aupai/ckpt_b0_se_16lnew_1b.pt.step2000
412320031	2026-08-30T04:22:29.1266014630Z	/work/aupai/ckpt_b4_no_bv.pt
892195367	2026-08-30T04:22:28.6175821150Z	/work/aupai/ckpt_b4_no_bv.pt.ep1
412320031	2026-08-30T04:20:30.9051238430Z	/work/aupai/ckpt_b4_no_sg.pt
892195367	2026-08-30T04:20:30.5061089340Z	/work/aupai/ckpt_b4_no_sg.pt.ep1
412320393	2026-08-30T04:14:19.5982503590Z	/work/aupai/ckpt_b4_profile.pt
892196527	2026-08-30T04:14:19.2082357870Z	/work/aupai/ckpt_b4_profile.pt.ep1
412320574	2026-08-30T02:56:55.5855021240Z	/work/aupai/ckpt_b7_bucket25.pt
892197043	2026-08-30T02:56:55.2064878780Z	/work/aupai/ckpt_b7_bucket25.pt.ep1
412320574	2026-08-30T02:55:01.7602236780Z	/work/aupai/ckpt_b7_bucket50.pt
892197043	2026-08-30T02:55:01.3692089800Z	/work/aupai/ckpt_b7_bucket50.pt.ep1
412321214	2026-08-26T16:08:04.4222857970Z	/work/aupai/ckpt_b_b16_ar.pt.ep1
412200791	2026-08-26T15:57:46.7501916510Z	/work/aupai/ckpt_b_b16.pt.ep1
412200791	2026-08-26T16:01:26.6304127550Z	/work/aupai/ckpt_b_b24.pt.ep1
412200791	2026-08-26T16:05:08.0626918870Z	/work/aupai/ckpt_b_b32.pt.ep1
412321395	2026-08-26T16:12:07.3963700300Z	/work/aupai/ckpt_c_b32_ar4.pt.ep1
412321479	2026-08-30T02:47:59.1393328690Z	/work/aupai/ckpt_combo_b50_simple.pt
892200007	2026-08-30T02:47:58.7703189940Z	/work/aupai/ckpt_combo_b50_simple.pt.ep1
412321011	2026-09-02T17:58:24.4115768430Z	/work/aupai/ckpt_control_ours.pt
479553053	2026-09-02T17:56:09.0255018100Z	/work/aupai/ckpt_control_ours.pt.step1000
479553053	2026-09-02T16:41:47.8664409860Z	/work/aupai/ckpt_control_ours.pt.step200
479553053	2026-09-02T17:00:28.7163920010Z	/work/aupai/ckpt_control_ours.pt.step400
479553053	2026-09-02T17:19:03.2481142430Z	/work/aupai/ckpt_control_ours.pt.step600
479553053	2026-09-02T17:37:36.2947974290Z	/work/aupai/ckpt_control_ours.pt.step800
959431382	2026-09-03T08:56:19.4934008960Z	/work/aupai/ckpt_data_leg_206m_8b.milestone_earlyanchor_step7000.pt
959431382	2026-09-03T09:09:51.8378388610Z	/work/aupai/ckpt_data_leg_206m_8b.milestone_earlyanchor_step7500.pt
892199291	2026-09-03T12:40:40.5070139690Z	/work/aupai/ckpt_data_leg_206m_8b.milestone_keep_b0_n2source.pt
892199291	2026-09-03T12:40:40.5070139690Z	/work/aupai/ckpt_data_leg_206m_8b.pt
892201095	2026-09-03T12:40:36.4938634920Z	/work/aupai/ckpt_data_leg_206m_8b.pt.ep1
959431382	2026-09-03T12:06:03.7541877470Z	/work/aupai/ckpt_data_leg_206m_8b.pt.step14000
959431382	2026-09-03T12:19:36.0736138880Z	/work/aupai/ckpt_data_leg_206m_8b.pt.step14500
959431382	2026-09-03T12:33:08.9880846690Z	/work/aupai/ckpt_data_leg_206m_8b.pt.step15000
959431382	2026-09-03T08:56:19.4934008960Z	/work/aupai/ckpt_data_leg_206m_8b.pt.step7000
959431382	2026-09-03T09:09:51.8378388610Z	/work/aupai/ckpt_data_leg_206m_8b.pt.step7500
412201053	2026-08-26T15:47:36.5613667440Z	/work/aupai/ckpt_d_g6_dm.pt.ep1
412201315	2026-08-26T15:39:07.5583227510Z	/work/aupai/ckpt_d_g8_nodm.pt.ep1
412201382	2026-08-26T13:28:09.2859139150Z	/work/aupai/ckpt_dm_docmask.pt.ep1
412201644	2026-08-26T13:19:50.7622981650Z	/work/aupai/ckpt_dm_nodocmask.pt.ep1
412321203	2026-09-03T00:06:45.6180134500Z	/work/aupai/ckpt_e1_27_lr0.01.pt
479553181	2026-09-03T00:04:29.8009226280Z	/work/aupai/ckpt_e1_27_lr0.01.pt.step1000
479553181	2026-09-02T22:50:26.8656388100Z	/work/aupai/ckpt_e1_27_lr0.01.pt.step200
479553181	2026-09-02T23:08:57.8131829370Z	/work/aupai/ckpt_e1_27_lr0.01.pt.step400
479553181	2026-09-02T23:27:28.8957528380Z	/work/aupai/ckpt_e1_27_lr0.01.pt.step600
479553181	2026-09-02T23:45:59.6853414150Z	/work/aupai/ckpt_e1_27_lr0.01.pt.step800
412321203	2026-09-03T00:07:15.1341198000Z	/work/aupai/ckpt_e1_27_lr0.03.pt
479553181	2026-09-03T00:04:58.5760012030Z	/work/aupai/ckpt_e1_27_lr0.03.pt.step1000
479553181	2026-09-02T22:50:31.1077974240Z	/work/aupai/ckpt_e1_27_lr0.03.pt.step200
479553181	2026-09-02T23:09:09.4556183530Z	/work/aupai/ckpt_e1_27_lr0.03.pt.step400
479553181	2026-09-02T23:27:46.7814224650Z	/work/aupai/ckpt_e1_27_lr0.03.pt.step600
479553181	2026-09-02T23:46:21.7071661460Z	/work/aupai/ckpt_e1_27_lr0.03.pt.step800
412321022	2026-09-03T00:07:18.0412287680Z	/work/aupai/ckpt_e1_27_lr0.3.pt
479552999	2026-09-03T00:05:01.7681208530Z	/work/aupai/ckpt_e1_27_lr0.3.pt.step1000
479552999	2026-09-02T22:50:35.3039543170Z	/work/aupai/ckpt_e1_27_lr0.3.pt.step200
479552999	2026-09-02T23:09:10.3136504420Z	/work/aupai/ckpt_e1_27_lr0.3.pt.step400
479552999	2026-09-02T23:27:48.5734895590Z	/work/aupai/ckpt_e1_27_lr0.3.pt.step600
479552999	2026-09-02T23:46:27.3763784610Z	/work/aupai/ckpt_e1_27_lr0.3.pt.step800
412321022	2026-09-03T00:07:45.9322742060Z	/work/aupai/ckpt_e1_27_lr1.0.pt
479552999	2026-09-03T00:05:28.7651327800Z	/work/aupai/ckpt_e1_27_lr1.0.pt.step1000
479552999	2026-09-02T22:50:38.2480643970Z	/work/aupai/ckpt_e1_27_lr1.0.pt.step200
479552999	2026-09-02T23:09:20.7500408290Z	/work/aupai/ckpt_e1_27_lr1.0.pt.step400
479552999	2026-09-02T23:28:03.9570655090Z	/work/aupai/ckpt_e1_27_lr1.0.pt.step600
479552999	2026-09-02T23:46:46.1420812470Z	/work/aupai/ckpt_e1_27_lr1.0.pt.step800
1079859159	2026-09-04T03:07:12.5546596960Z	/work/aupai/ckpt_e2e_tmp.pt
1079860899	2026-09-04T03:07:09.1235307250Z	/work/aupai/ckpt_e2e_tmp.pt.ep1
1079863219	2026-09-04T03:13:40.5943172240Z	/work/aupai/ckpt_e2e_tmp_resume.pt
1079865023	2026-09-04T03:13:31.9869913330Z	/work/aupai/ckpt_e2e_tmp_resume.pt.ep1
244671294	2026-09-04T03:10:04.4181323600Z	/work/aupai/ckpt_e2e_tmp_sft.pt
412201446	2026-08-26T16:15:42.5714107750Z	/work/aupai/ckpt_f_b32_base.pt.ep1
412321660	2026-08-29T22:49:12.7617632280Z	/work/aupai/ckpt_fullmla_0.2b_0830.pt
892200523	2026-08-29T22:49:12.4047499380Z	/work/aupai/ckpt_fullmla_0.2b_0830.pt.ep1
412320243	2026-08-26T16:23:06.7830102490Z	/work/aupai/ckpt_g_b24_ar4.pt.ep1
412320605	2026-08-26T21:54:47.5094886380Z	/work/aupai/ckpt_k4_11b_lr05.pt.ep1
479552349	2026-08-29T02:33:39.0389478490Z	/work/aupai/ckpt_k5_arith_bpe.pt.step200
892197755	2026-08-27T18:45:50.7377703870Z	/work/aupai/ckpt_k5_clean_0827.pt.ep1
959427975	2026-08-27T13:43:28.3258196740Z	/work/aupai/ckpt_k5_clean_0827.pt.step1000
959427975	2026-08-27T17:39:04.5184128080Z	/work/aupai/ckpt_k5_clean_0827.pt.step10000
959427975	2026-08-27T18:05:14.9374170980Z	/work/aupai/ckpt_k5_clean_0827.pt.step11000
959427975	2026-08-27T18:31:24.8453565320Z	/work/aupai/ckpt_k5_clean_0827.pt.step12000
959427975	2026-08-27T14:09:38.2075041710Z	/work/aupai/ckpt_k5_clean_0827.pt.step2000
959427975	2026-08-27T14:35:48.1543500020Z	/work/aupai/ckpt_k5_clean_0827.pt.step3000
959427975	2026-08-27T15:01:58.8933598570Z	/work/aupai/ckpt_k5_clean_0827.pt.step4000
959427975	2026-08-27T15:28:09.4602820770Z	/work/aupai/ckpt_k5_clean_0827.pt.step5000
959427975	2026-08-27T15:54:20.4321843630Z	/work/aupai/ckpt_k5_clean_0827.pt.step6000
959427975	2026-08-27T16:20:31.6340766120Z	/work/aupai/ckpt_k5_clean_0827.pt.step7000
959427975	2026-08-27T16:46:42.6748852510Z	/work/aupai/ckpt_k5_clean_0827.pt.step8000
959427975	2026-08-27T17:12:53.6045512100Z	/work/aupai/ckpt_k5_clean_0827.pt.step9000
479617931	2026-08-29T01:52:45.5017836450Z	/work/aupai/ckpt_k6_arith2.pt.step200
479617931	2026-08-29T02:00:33.9233592690Z	/work/aupai/ckpt_k6_arith2.pt.step400
479617931	2026-08-29T02:16:29.8602433170Z	/work/aupai/ckpt_k6_arith3.pt.step200
479617931	2026-08-29T03:06:56.1779705160Z	/work/aupai/ckpt_k6_arith4.pt.step200
479617931	2026-08-29T03:14:04.8110297850Z	/work/aupai/ckpt_k6_arith4.pt.step400
479617931	2026-08-29T03:57:21.3854151220Z	/work/aupai/ckpt_k6_arith5.pt.step200
479617931	2026-08-29T04:04:31.2185290110Z	/work/aupai/ckpt_k6_arith5.pt.step400
892360007	2026-08-28T13:15:02.2435710950Z	/work/aupai/ckpt_k6_fone.pt.ep1
959590157	2026-08-28T12:03:01.8925912820Z	/work/aupai/ckpt_k6_fone.pt.step10000
959590157	2026-08-28T12:33:20.5588713620Z	/work/aupai/ckpt_k6_fone.pt.step11000
959590157	2026-08-28T13:03:38.4919515470Z	/work/aupai/ckpt_k6_fone.pt.step12000
892193179	2026-08-29T00:21:25.6511142770Z	/work/aupai/ckpt_k7_v3.pt.ep1
959423455	2026-08-28T23:15:39.1241760650Z	/work/aupai/ckpt_k7_v3.pt.step1000
959423455	2026-08-28T23:45:53.5319065500Z	/work/aupai/ckpt_k7_v3.pt.step2000
959423455	2026-08-29T00:16:08.9081751020Z	/work/aupai/ckpt_k7_v3.pt.step3000
892361829	2026-08-29T08:30:41.2629764330Z	/work/aupai/ckpt_k8_v3_fone.pt.ep1
959591982	2026-08-29T07:11:03.3342550400Z	/work/aupai/ckpt_k8_v3_fone.pt.step1000
959591982	2026-08-29T07:41:23.8458477870Z	/work/aupai/ckpt_k8_v3_fone.pt.step2000
959591982	2026-08-29T08:11:44.7473265520Z	/work/aupai/ckpt_k8_v3_fone.pt.step3000
987440475	2026-09-01T15:48:36.2409701530Z	/work/aupai/ckpt_lrprobe_0.85.pt
2042952165	2026-09-01T15:48:33.1908557860Z	/work/aupai/ckpt_lrprobe_0.85.pt.ep1
987440009	2026-09-01T17:40:58.8454613600Z	/work/aupai/ckpt_lrprobe_1.2.pt
2042950655	2026-09-01T17:40:55.7573457280Z	/work/aupai/ckpt_lrprobe_1.2.pt.ep1
412320905	2026-09-03T17:18:02.5762558560Z	/work/aupai/ckpt_n7c_looped.pt
959427256	2026-09-03T17:10:03.9892544910Z	/work/aupai/ckpt_n7c_looped.pt.step250
959427256	2026-09-03T17:17:59.5071405150Z	/work/aupai/ckpt_n7c_looped.pt.step500
412320181	2026-09-03T20:04:06.0738687240Z	/work/aupai/ckpt_n7c_p3.milestone_keep_e1_n8source.pt
412320181	2026-09-03T20:04:06.0738687240Z	/work/aupai/ckpt_n7c_p3.pt
959424996	2026-09-03T19:55:50.9893043980Z	/work/aupai/ckpt_n7c_p3.pt.step250
959424996	2026-09-03T20:04:03.0447551410Z	/work/aupai/ckpt_n7c_p3.pt.step500
412320245	2026-09-03T20:22:29.1082896990Z	/work/aupai/ckpt_n7c_p7.pt
959424996	2026-09-03T20:14:28.1342185390Z	/work/aupai/ckpt_n7c_p7.pt.step250
959424996	2026-09-03T20:22:26.0971765650Z	/work/aupai/ckpt_n7c_p7.pt.step500
412321203	2026-09-03T16:59:21.4210822810Z	/work/aupai/ckpt_n7c_unlooped.pt
959428418	2026-09-03T16:51:15.4748375080Z	/work/aupai/ckpt_n7c_unlooped.pt.step250
959428418	2026-09-03T16:59:18.6369776090Z	/work/aupai/ckpt_n7c_unlooped.pt.step500
412321991	2026-09-03T14:34:03.1175799980Z	/work/aupai/ckpt_n7_stageb_looped.pt
479554101	2026-09-03T14:32:20.6377392770Z	/work/aupai/ckpt_n7_stageb_looped.pt.step200
412322417	2026-09-03T14:25:03.7123453630Z	/work/aupai/ckpt_n7_stageb_unlooped.pt
479554401	2026-09-03T14:23:19.6774474170Z	/work/aupai/ckpt_n7_stageb_unlooped.pt.step200
412321415	2026-08-30T02:21:17.5060628000Z	/work/aupai/ckpt_nccl_ab_baseline.pt
892200007	2026-08-30T02:21:17.1900509020Z	/work/aupai/ckpt_nccl_ab_baseline.pt.ep1
412320936	2026-08-30T02:40:39.2787931440Z	/work/aupai/ckpt_nccl_bucket25.pt
892198203	2026-08-30T02:40:38.8917785910Z	/work/aupai/ckpt_nccl_bucket25.pt.ep1
412320872	2026-08-30T02:38:41.3253578340Z	/work/aupai/ckpt_nccl_bucket50.pt
892198203	2026-08-30T02:38:40.9813448990Z	/work/aupai/ckpt_nccl_bucket50.pt.ep1
388313165	2026-08-30T07:37:45.9783036800Z	/work/aupai/ckpt_p02_a1_s2.pt
844051899	2026-08-30T07:37:45.5852888910Z	/work/aupai/ckpt_p02_a1_s2.pt.ep1
412320819	2026-08-31T05:17:59.5100857990Z	/work/aupai/ckpt_p02_fp32m_s0.pt
1371959031	2026-08-31T05:17:50.7637585220Z	/work/aupai/ckpt_p02_fp32m_s0.pt.ep1
412320819	2026-08-31T06:03:58.0744024950Z	/work/aupai/ckpt_p02_fp32m_s1.pt
1371959031	2026-08-31T06:03:48.8900571610Z	/work/aupai/ckpt_p02_fp32m_s1.pt.ep1
412320819	2026-08-31T06:12:36.6988768290Z	/work/aupai/ckpt_p02_fp32m_s2.pt
1371959031	2026-08-31T06:12:27.2365217520Z	/work/aupai/ckpt_p02_fp32m_s2.pt.ep1
412320819	2026-08-31T06:25:27.4918086420Z	/work/aupai/ckpt_p02_fp32m_s3.pt
1371959031	2026-08-31T06:25:14.9583381150Z	/work/aupai/ckpt_p02_fp32m_s3.pt.ep1
412320819	2026-08-31T06:34:01.4641486400Z	/work/aupai/ckpt_p02_probe_s0.pt
892197751	2026-08-31T06:33:54.7898979120Z	/work/aupai/ckpt_p02_probe_s0.pt.ep1
412320393	2026-08-30T07:24:38.5076419380Z	/work/aupai/ckpt_p02_rep_s2.pt
892196527	2026-08-30T07:24:38.1096269400Z	/work/aupai/ckpt_p02_rep_s2.pt.ep1
412319669	2026-08-30T06:22:47.9279785700Z	/work/aupai/ckpt_p02_s0.pt
892194207	2026-08-30T06:22:47.5769653800Z	/work/aupai/ckpt_p02_s0.pt.ep1
412319669	2026-08-30T06:32:48.1555622610Z	/work/aupai/ckpt_p02_s1.pt
892194207	2026-08-30T06:32:47.7705477820Z	/work/aupai/ckpt_p02_s1.pt.ep1
412319669	2026-08-30T06:49:23.0979871260Z	/work/aupai/ckpt_p02_s2.pt
892194207	2026-08-30T06:49:22.7409736920Z	/work/aupai/ckpt_p02_s2.pt.ep1
412319669	2026-08-30T06:59:23.0105606090Z	/work/aupai/ckpt_p02_s3.pt
892194207	2026-08-30T06:59:22.6045453270Z	/work/aupai/ckpt_p02_s3.pt.ep1
412320638	2026-08-31T07:09:52.8700171480Z	/work/aupai/ckpt_p02_sc_base.pt
892197171	2026-08-31T07:09:49.8759046320Z	/work/aupai/ckpt_p02_sc_base.pt.ep1
412321181	2026-08-31T07:17:42.0806437540Z	/work/aupai/ckpt_p02_sc_patched.pt
892198975	2026-08-31T07:17:38.9855275030Z	/work/aupai/ckpt_p02_sc_patched.pt.ep1
412319126	2026-08-30T08:01:30.4789168470Z	/work/aupai/ckpt_p03.pt
892192467	2026-08-30T08:01:30.1319037990Z	/work/aupai/ckpt_p03.pt.ep1
412319126	2026-08-30T08:22:00.6291344590Z	/work/aupai/ckpt_p04.pt
892192467	2026-08-30T08:22:00.2611206550Z	/work/aupai/ckpt_p04.pt.ep1
412319126	2026-08-30T08:51:13.4388246810Z	/work/aupai/ckpt_p08.pt
892192467	2026-08-30T08:51:13.0538102700Z	/work/aupai/ckpt_p08.pt.ep1
412319126	2026-08-30T09:46:11.2976985690Z	/work/aupai/ckpt_p16.pt
892192467	2026-08-30T09:46:10.9006836700Z	/work/aupai/ckpt_p16.pt.ep1
959422741	2026-08-30T09:23:52.9434616150Z	/work/aupai/ckpt_p16.pt.step1000
892199099	2026-09-02T16:02:05.3042224380Z	/work/aupai/ckpt_p200m_4b_0902.milestone_keep_44_runendcursor.pt
959429383	2026-09-02T15:23:47.4991146740Z	/work/aupai/ckpt_p200m_4b_0902.milestone_keep_b0_step2500.pt
959429383	2026-09-02T15:38:11.1224784890Z	/work/aupai/ckpt_p200m_4b_0902.milestone_keep_b0_step3000.pt
959429383	2026-09-02T15:52:36.0128899540Z	/work/aupai/ckpt_p200m_4b_0902.milestone_keep_b0_step3500.pt
412321768	2026-09-02T16:02:08.6813489850Z	/work/aupai/ckpt_p200m_4b_0902.pt
892199099	2026-09-02T16:02:05.3042224380Z	/work/aupai/ckpt_p200m_4b_0902.pt.ep1
959435257	2026-09-02T14:31:28.6225301490Z	/work/aupai/ckpt_p200m_4b_0902.pt.interrupt.step1192
959435257	2026-09-02T12:35:45.5522220940Z	/work/aupai/ckpt_p200m_4b_0902.pt.interrupt.step832
959429383	2026-09-02T15:23:47.4991146740Z	/work/aupai/ckpt_p200m_4b_0902.pt.step2500
959429383	2026-09-02T15:38:11.1224784890Z	/work/aupai/ckpt_p200m_4b_0902.pt.step3000
959429383	2026-09-02T15:52:36.0128899540Z	/work/aupai/ckpt_p200m_4b_0902.pt.step3500
412319307	2026-08-30T11:32:19.7072119700Z	/work/aupai/ckpt_p324.pt
892193047	2026-08-30T11:32:19.2851961010Z	/work/aupai/ckpt_p324.pt.ep1
959423322	2026-08-30T10:18:59.0583970190Z	/work/aupai/ckpt_p324.pt.step1000
959423322	2026-08-30T10:48:21.6853338400Z	/work/aupai/ckpt_p324.pt.step2000
959423322	2026-08-30T11:17:46.3564448370Z	/work/aupai/ckpt_p324.pt.step3000
412319733	2026-08-31T08:46:43.4185400760Z	/work/aupai/ckpt_p47_s1.pt
892194271	2026-08-31T08:46:38.8073674300Z	/work/aupai/ckpt_p47_s1.pt.ep1
959424548	2026-08-31T08:44:44.0210697360Z	/work/aupai/ckpt_p47_s1.pt.step25
959424548	2026-08-31T08:45:33.6069262710Z	/work/aupai/ckpt_p47_s1.pt.step50
412319733	2026-08-31T08:51:21.5439533200Z	/work/aupai/ckpt_p47_s2.pt
892194271	2026-08-31T08:51:17.9748196890Z	/work/aupai/ckpt_p47_s2.pt.ep1
959424548	2026-08-31T08:50:33.2031434000Z	/work/aupai/ckpt_p47_s2.pt.step100
959424548	2026-08-31T08:49:40.5271711690Z	/work/aupai/ckpt_p47_s2.pt.step75
2110169471	2026-09-02T07:47:57.0610039160Z	/work/aupai/ckpt_p500m_20b_0902.milestone_keep_b0_step2000.pt
2110169471	2026-09-02T09:21:46.0103755230Z	/work/aupai/ckpt_p500m_20b_0902.milestone_keep_b0_step2500.pt
2110169471	2026-09-02T10:58:45.6338072490Z	/work/aupai/ckpt_p500m_20b_0902.milestone_stopwindow1_step3000.pt
2110184581	2026-09-02T11:01:26.9088537980Z	/work/aupai/ckpt_p500m_20b_0902.pt.interrupt.step3006
2110184581	2026-09-02T01:22:07.9210128060Z	/work/aupai/ckpt_p500m_20b_0902.pt.interrupt.step32
2110184581	2026-09-02T01:37:42.6361095230Z	/work/aupai/ckpt_p500m_20b_0902.pt.interrupt.step83
2110169471	2026-09-02T07:47:57.0610039160Z	/work/aupai/ckpt_p500m_20b_0902.pt.step2000
2110169471	2026-09-02T09:21:46.0103755230Z	/work/aupai/ckpt_p500m_20b_0902.pt.step2500
2110169471	2026-09-02T10:58:45.6338072490Z	/work/aupai/ckpt_p500m_20b_0902.pt.step3000
1854896463	2026-09-03T18:46:38.4525990310Z	/work/aupai/ckpt_params_leg_438m_3p76b.milestone_keep_b0_n2source.pt
1854896463	2026-09-03T18:46:38.4525990310Z	/work/aupai/ckpt_params_leg_438m_3p76b.pt
1854898203	2026-09-03T18:46:34.0314332240Z	/work/aupai/ckpt_params_leg_438m_3p76b.pt.ep1
1955748399	2026-09-03T17:50:05.6233736450Z	/work/aupai/ckpt_params_leg_438m_3p76b.pt.step6000
1955748399	2026-09-03T18:13:45.2145863670Z	/work/aupai/ckpt_params_leg_438m_3p76b.pt.step6500
1955748399	2026-09-03T18:37:24.2908153500Z	/work/aupai/ckpt_params_leg_438m_3p76b.pt.step7000
412321426	2026-08-31T20:42:13.3272062350Z	/work/aupai/ckpt_pretrain_15b_s1.milestone_15b.pt
959429841	2026-08-31T16:56:52.0806367380Z	/work/aupai/ckpt_pretrain_15b_s1.milestone_8b_step8500.pt
412321426	2026-08-31T20:42:13.3272062350Z	/work/aupai/ckpt_pretrain_15b_s1.pt
892199619	2026-08-31T20:42:10.5921035670Z	/work/aupai/ckpt_pretrain_15b_s1.pt.ep1
959429841	2026-08-31T20:04:42.6457033770Z	/work/aupai/ckpt_pretrain_15b_s1.pt.step15000
959429841	2026-08-31T20:19:09.0152380000Z	/work/aupai/ckpt_pretrain_15b_s1.pt.step15500
959430481	2026-08-31T20:56:15.2338022240Z	/work/aupai/ckpt_pretrain_15b_s1.pt.step16000
959429905	2026-09-01T00:49:04.1100738830Z	/work/aupai/ckpt_pretrain_30b_s2.milestone_16b_step17500.pt
959429905	2026-09-01T03:56:38.7780443230Z	/work/aupai/ckpt_pretrain_30b_s2.milestone_22b_step24000.pt
959429905	2026-09-01T05:08:48.6387329110Z	/work/aupai/ckpt_pretrain_30b_s2.milestone_keep_b0_step26500.pt
959429905	2026-09-01T00:49:04.1100738830Z	/work/aupai/ckpt_pretrain_30b_s2.pt.step17500
959429905	2026-09-01T03:56:38.7780443230Z	/work/aupai/ckpt_pretrain_30b_s2.pt.step24000
959429905	2026-09-01T04:39:56.9757388660Z	/work/aupai/ckpt_pretrain_30b_s2.pt.step25500
959429905	2026-09-01T04:54:23.3532920870Z	/work/aupai/ckpt_pretrain_30b_s2.pt.step26000
959429905	2026-09-01T05:08:48.6387329110Z	/work/aupai/ckpt_pretrain_30b_s2.pt.step26500
987440137	2026-09-01T19:32:36.5335323610Z	/work/aupai/ckpt_proberesume.pt
2042950783	2026-09-01T19:32:32.3443753470Z	/work/aupai/ckpt_proberesume.pt.ep1
2110164874	2026-09-01T19:12:17.2738308580Z	/work/aupai/ckpt_proberesume.pt.step20
2110164874	2026-09-01T19:16:03.5753141060Z	/work/aupai/ckpt_proberesume.pt.step40
2110164874	2026-09-01T19:25:33.4576750200Z	/work/aupai/ckpt_proberesume.pt.step60
412202025	2026-08-29T22:40:13.1346785020Z	/work/aupai/ckpt_profile_noattn.pt
891831831	2026-08-29T22:40:12.7906656990Z	/work/aupai/ckpt_profile_noattn.pt.ep1
412320808	2026-08-29T22:37:04.4016545090Z	/work/aupai/ckpt_profile_probe.pt
892198139	2026-08-29T22:37:04.0226404040Z	/work/aupai/ckpt_profile_probe.pt.ep1
412191996	2026-08-26T12:05:34.1232590840Z	/work/aupai/ckpt.pt
787161459	2026-08-25T04:48:56.7834765400Z	/work/aupai/ckpt.pt.ep1
787161459	2026-08-25T05:26:59.2740887060Z	/work/aupai/ckpt.pt.ep2
395075503	2026-08-24T15:04:42.8906688450Z	/work/aupai/ckpt.pt.ep3
395075503	2026-08-24T15:33:45.6699044710Z	/work/aupai/ckpt.pt.ep4
479293133	2026-08-25T10:01:47.8504803020Z	/work/aupai/ckpt.pt.step1000
479293133	2026-08-25T10:50:37.1102619870Z	/work/aupai/ckpt.pt.step2000
479293133	2026-08-25T15:56:54.3188755700Z	/work/aupai/ckpt.pt.step3000
479293133	2026-08-25T16:44:48.1353781560Z	/work/aupai/ckpt.pt.step4000
479293133	2026-08-25T17:49:25.1125388140Z	/work/aupai/ckpt.pt.step5000
479293133	2026-08-25T18:37:14.6391860920Z	/work/aupai/ckpt.pt.step6000
462308717	2026-08-24T15:21:35.3165686640Z	/work/aupai/ckpt.pt.step7000
107377362	2026-08-23T23:44:07.7978923490Z	/work/aupai/ckpt.pt.step8000
107377362	2026-08-23T15:21:44.4762470510Z	/work/aupai/ckpt.pt.step9000
412321064	2026-08-31T22:30:58.5135656490Z	/work/aupai/ckpt_rehearse_join.pt
892198395	2026-08-31T22:30:55.8644664940Z	/work/aupai/ckpt_rehearse_join.pt.ep1
412321426	2026-08-31T22:15:09.7380464890Z	/work/aupai/ckpt_rehearse_resume.pt
892199619	2026-08-31T22:15:06.8659388290Z	/work/aupai/ckpt_rehearse_resume.pt.ep1
959430481	2026-08-31T20:56:15.2338022240Z	/work/aupai/ckpt_run.milestone_15b_step16000.pt
412320574	2026-08-30T13:02:28.1318304730Z	/work/aupai/ckpt_sft_p324_v1.pt
479552615	2026-08-30T12:52:38.4356857230Z	/work/aupai/ckpt_sft_p324_v1.pt.step200
479552615	2026-08-30T12:59:52.9460043910Z	/work/aupai/ckpt_sft_p324_v1.pt.step400
412320638	2026-08-30T13:47:11.2784563050Z	/work/aupai/ckpt_sft_p324_v2.pt
479552679	2026-08-30T13:39:52.4820121730Z	/work/aupai/ckpt_sft_p324_v2.pt.step200
479552679	2026-08-30T13:46:31.0929497410Z	/work/aupai/ckpt_sft_p324_v2.pt.step400
412320638	2026-08-31T03:59:10.7830601270Z	/work/aupai/ckpt_sft_p324_v3.pt
479552679	2026-08-31T03:51:59.9989475450Z	/work/aupai/ckpt_sft_p324_v3.pt.step200
479552679	2026-08-31T03:58:31.3025834380Z	/work/aupai/ckpt_sft_p324_v3.pt.step400
412320638	2026-08-31T06:50:58.0973734780Z	/work/aupai/ckpt_sft_p324_v4.pt
479552679	2026-08-31T06:43:45.4260969590Z	/work/aupai/ckpt_sft_p324_v4.pt.step200
479552679	2026-08-31T06:50:16.6768170280Z	/work/aupai/ckpt_sft_p324_v4.pt.step400
412320638	2026-08-31T08:20:22.4023874550Z	/work/aupai/ckpt_sft_p324_v5.pt
479552679	2026-08-31T08:12:50.9075922700Z	/work/aupai/ckpt_sft_p324_v5.pt.step200
479552679	2026-08-31T08:19:39.3547742480Z	/work/aupai/ckpt_sft_p324_v5.pt.step400
987440411	2026-09-01T10:14:53.1707590720Z	/work/aupai/ckpt_shape500_b32.pt
2042952037	2026-09-01T10:14:50.1256447950Z	/work/aupai/ckpt_shape500_b32.pt.ep1
987441343	2026-09-01T08:56:13.8586048370Z	/work/aupai/ckpt_shape500_probe.pt
2042955185	2026-09-01T08:56:10.6434843690Z	/work/aupai/ckpt_shape500_probe.pt.ep1
412320393	2026-08-30T02:47:53.3971169500Z	/work/aupai/ckpt_single_gpu.pt
892196463	2026-08-30T02:47:53.0701046530Z	/work/aupai/ckpt_single_gpu.pt.ep1
412321395	2026-08-26T15:29:02.7146874810Z	/work/aupai/ckpt_sw_ar4_72.pt.ep1
412201315	2026-08-26T15:20:17.7010387230Z	/work/aupai/ckpt_sw_base72.pt.ep1
959425710	2026-08-31T07:30:47.7851447570Z	/work/aupai/ckpt_t38_kill.pt.step20
959425710	2026-08-31T07:31:29.1576970790Z	/work/aupai/ckpt_t38_kill.pt.step40
412319914	2026-08-31T07:28:31.1550169430Z	/work/aupai/ckpt_t38_ref.pt
892194851	2026-08-31T07:28:28.1139027860Z	/work/aupai/ckpt_t38_ref.pt.ep1
959425129	2026-08-31T07:26:25.2142894090Z	/work/aupai/ckpt_t38_ref.pt.step20
959425129	2026-08-31T07:27:06.4688380130Z	/work/aupai/ckpt_t38_ref.pt.step40
959425129	2026-08-31T07:27:46.2593316600Z	/work/aupai/ckpt_t38_ref.pt.step60
412320457	2026-08-31T07:40:20.3556193950Z	/work/aupai/ckpt_t38_resume.pt
892196591	2026-08-31T07:40:17.9755301600Z	/work/aupai/ckpt_t38_resume.pt.ep1
959426872	2026-08-31T07:39:34.0728841510Z	/work/aupai/ckpt_t38_resume.pt.step60
412320638	2026-08-31T09:59:22.3126326270Z	/work/aupai/ckpt_t52_p1_base.pt
892197171	2026-08-31T09:59:19.8445403300Z	/work/aupai/ckpt_t52_p1_base.pt.ep1
892358313	2026-08-29T14:21:59.0930952500Z	/work/aupai/ckpt_tb05.pt.ep1
892358313	2026-08-29T14:04:21.4692670060Z	/work/aupai/ckpt_tb36.pt.ep1
412321064	2026-08-31T22:37:22.2639184780Z	/work/aupai/ckpt_twin_nocursor.pt
892198395	2026-08-31T22:37:19.4608137310Z	/work/aupai/ckpt_twin_nocursor.pt.ep1
987438547	2026-09-01T11:25:31.0267289360Z	/work/aupai/ckpt_w7_b16a2.pt
2042945997	2026-09-01T11:25:27.9076118260Z	/work/aupai/ckpt_w7_b16a2.pt.ep1
987438547	2026-09-01T10:57:26.6485361430Z	/work/aupai/ckpt_w7_b32a1.pt
2042945997	2026-09-01T10:57:23.4444160520Z	/work/aupai/ckpt_w7_b32a1.pt.ep1
412320691	2026-08-30T03:38:47.7700938510Z	/work/aupai/ckpt_warmup_smoke.pt
892197623	2026-08-30T03:38:47.4190808450Z	/work/aupai/ckpt_warmup_smoke.pt.ep1
412321415	2026-08-30T03:46:40.6446366440Z	/work/aupai/ckpt_warmup_smoke_w20.pt
892200007	2026-08-30T03:46:40.2466218960Z	/work/aupai/ckpt_warmup_smoke_w20.pt.ep1
412321234	2026-08-30T03:55:01.1791570780Z	/work/aupai/ckpt_warmup_smoke_w3.pt
892199427	2026-08-30T03:55:00.7941428520Z	/work/aupai/ckpt_warmup_smoke_w3.pt.ep1
5965	2026-08-28T20:57:34.8402720080Z	/work/aupai/data/quality_head.pt
412320190	2026-08-29T17:27:29.5316384370Z	/work/aupai/retired_pre0830v2/ckpt_0830v1_0.2b.pt
412320190	2026-08-29T17:20:03.4808838280Z	/work/aupai/retired_pre0830v2/ckpt_0830v1_0.3b.pt
412320190	2026-08-29T17:40:26.7718134670Z	/work/aupai/retired_pre0830v2/ckpt_0830v1_0.4b.pt
412320190	2026-08-29T18:04:58.9741726780Z	/work/aupai/retired_pre0830v2/ckpt_0830v1_0.8b.pt
412320190	2026-08-29T19:14:39.0451163430Z	/work/aupai/retired_pre0830v2/ckpt_0830v1_1.6b.pt
412320371	2026-08-29T20:47:58.8100562700Z	/work/aupai/retired_pre0830v2/ckpt_0830v1_3.24b.pt
412320062	2026-08-26T21:54:47.8925029660Z	/work/aupai/retired_pre0830v2/ckpt_k4_11b_lr05.pt
412320424	2026-08-27T18:45:51.1067841860Z	/work/aupai/retired_pre0830v2/ckpt_k5_clean_0827.pt
412385648	2026-08-28T13:15:02.6925879190Z	/work/aupai/retired_pre0830v2/ckpt_k6_fone.pt
412319104	2026-08-29T00:21:26.0411289210Z	/work/aupai/retired_pre0830v2/ckpt_k7_v3.pt
412385648	2026-08-29T08:43:55.4118162560Z	/work/aupai/retired_pre0830v2/ckpt_k8_proc.pt
412386993	2026-08-29T08:47:39.1182286840Z	/work/aupai/retired_pre0830v2/ckpt_k8_proc_replay.pt
412386197	2026-08-29T08:30:41.6089894250Z	/work/aupai/retired_pre0830v2/ckpt_k8_v3_fone.pt
412385099	2026-08-29T14:21:59.4571089880Z	/work/aupai/retired_pre0830v2/ckpt_tb05.pt
412385099	2026-08-29T14:04:21.8142799780Z	/work/aupai/retired_pre0830v2/ckpt_tb36.pt
3785	2026-09-01T04:35:14.4921204140Z	/work/aupai/runs/ms_ckpt_pretrain_15b_s1.pt.step15000.log
181	2026-09-01T04:31:17.2462024310Z	/work/aupai/runs/ms_ckpt_pretrain_15b_s1.pt.step15000.pid
2865	2026-09-01T05:10:16.7360339530Z	/work/aupai/runs/ms_ckpt_pretrain_15b_s1.pt.step15500.log
181	2026-09-01T04:35:22.9774393740Z	/work/aupai/runs/ms_ckpt_pretrain_15b_s1.pt.step15500.pid
2864	2026-08-31T22:36:02.7229461770Z	/work/aupai/runs/ms_ckpt_pretrain_15b_s1.pt.step16000.log
181	2026-08-31T22:00:49.7399960160Z	/work/aupai/runs/ms_ckpt_pretrain_15b_s1.pt.step16000.pid
698	2026-08-31T14:20:41.2893387390Z	/work/aupai/runs/ms_ckpt_pretrain_15b_s1.pt.step3000.log
180	2026-08-31T14:17:19.1867619660Z	/work/aupai/runs/ms_ckpt_pretrain_15b_s1.pt.step3000.pid
210	2026-08-31T15:43:57.0880428760Z	/work/aupai/runs/ms_ckpt_pretrain_15b_s1.pt.step3500.log
180	2026-08-31T15:43:55.4499813990Z	/work/aupai/runs/ms_ckpt_pretrain_15b_s1.pt.step3500.pid
2861	2026-08-31T17:32:00.0567680750Z	/work/aupai/runs/ms_ckpt_pretrain_15b_s1.pt.step8500.log
179	2026-08-31T16:57:39.8894266090Z	/work/aupai/runs/ms_ckpt_pretrain_15b_s1.pt.step8500.pid
2877	2026-09-01T02:26:52.1815220730Z	/work/aupai/runs/ms_ckpt_pretrain_30b_s2.pt.step17500.log
181	2026-09-01T01:56:07.7692447320Z	/work/aupai/runs/ms_ckpt_pretrain_30b_s2.pt.step17500.pid
588	2026-09-01T04:25:40.9765621850Z	/work/aupai/runs/ms_ckpt_pretrain_30b_s2.pt.step24000.log
181	2026-09-01T04:24:26.7927736450Z	/work/aupai/runs/ms_ckpt_pretrain_30b_s2.pt.step24000.pid
2113	2026-09-01T04:35:17.2592244290Z	/work/aupai/runs/readout_ckpt_pretrain_15b_s1.pt.step15000.txt
1700	2026-09-01T05:10:23.0322698750Z	/work/aupai/runs/readout_ckpt_pretrain_15b_s1.pt.step15500.txt
1699	2026-08-31T22:36:04.7950236070Z	/work/aupai/runs/readout_ckpt_pretrain_15b_s1.pt.step16000.txt
2159	2026-08-31T15:01:02.0720902000Z	/work/aupai/runs/readout_ckpt_pretrain_15b_s1.pt.step3500.txt
661	2026-08-31T17:32:06.4020064250Z	/work/aupai/runs/readout_ckpt_pretrain_15b_s1.pt.step8500.txt
2203	2026-09-01T03:20:32.8215388790Z	/work/aupai/runs/readout_ckpt_pretrain_30b_s2.pt.step17500.txt
306	2026-09-01T04:22:26.2452421590Z	/work/aupai/runs/readout_ckpt_pretrain_30b_s2.pt.step24000.txt
